study_hours,attendance,previous_marks,assignment_score,final_marks
1.0,55,42,48,43
1.5,60,50,55,49
2.0,65,54,58,54
2.5,70,58,62,59
3.0,72,61,65,62
3.5,75,64,68,66
4.0,78,68,70,70
4.5,80,70,73,73
5.0,82,73,75,77
5.5,85,76,78,81
6.0,88,80,82,85
6.5,90,84,85,90
7.0,92,87,88,94
1.0,62,48,52,48
1.5,68,52,57,53
2.0,71,60,62,59
2.5,76,63,66,63
3.0,80,67,70,68
3.5,83,71,73,72
4.0,86,74,76,76
4.5,89,78,79,80
5.0,91,82,83,85
5.5,94,86,87,90
6.0,96,89,91,94
2.0,58,45,50,47
2.5,64,53,58,55
3.0,69,57,61,59
3.5,73,62,66,64
4.0,77,66,69,69
4.5,81,69,72,72
5.0,84,74,76,77
5.5,88,78,80,82
6.0,91,82,84,87
6.5,94,86,89,92
1.0,50,38,44,39
1.5,56,46,50,46
2.0,61,51,56,51
2.5,67,56,60,56
3.0,71,60,64,61
3.5,76,65,68,66
4.0,79,69,72,70
4.5,83,73,76,75
5.0,87,77,80,80
5.5,90,81,84,84
6.0,93,85,88,89
6.5,97,90,92,95
7.0,99,94,96,98
